<?xml version='1.0' encoding='UTF-8' standalone='yes' ?>
<Robot type="FirstInspires-FTC">
    <LynxUsbDevice name="Control Hub Portal" serialNumber="(embedded)" parentModuleAddress="173">
        <LynxModule name="Expansion Hub" port="2">
            <goBILDA5202SeriesMotor name="slidesMotor0" port="0" />
            <goBILDA5202SeriesMotor name="slidesMotor1" port="1" />
            <goBILDA5202SeriesMotor name="intake" port="2" />
            <goBILDA5202SeriesMotor name="hang" port="3" />
            <ContinuousRotationServo name="leftHang" port="0" />
            <ContinuousRotationServo name="rightHang" port="1" />
            <Servo name="V4BarServo1" port="3" />
            <Servo name="V4BarServo2" port="4" />
            <Servo name="topServo" port="5" />
            <AnalogInput name="" port="3" />
        </LynxModule>
        <LynxModule name="Control Hub" port="173">
            <goBILDA5202SeriesMotor name="leftFront" port="0" />
            <goBILDA5202SeriesMotor name="leftRear" port="1" />
            <goBILDA5202SeriesMotor name="rightFront" port="2" />
            <goBILDA5202SeriesMotor name="rightRear" port="3" />
            <Servo name="release" port="0" />
            <Servo name="airplane" port="1" />
            <Servo name="actuation " port="2" />
            <Servo name="rightDropper" port="3" />
            <Servo name="leftDropper" port="5" />
            <AnalogInput name="frontUltrasonic" port="1" />
            <AnalogInput name="backUltrasonic" port="3" />
            <DigitalDevice name="depositLimitSwitch" port="7" />
            <FAST_DRIVER_REVCOLORSENSORV3_IMPL name="intakeColorSensor" port="2" bus="2" />
            <HuskyLens name="huskylens" port="3" bus="2" />
            <LynxEmbeddedIMU name="imu" port="0" bus="0" />
        </LynxModule>
    </LynxUsbDevice>
    <Webcam name="Webcam 1" serialNumber="3D46502F" />
</Robot>
